{
  "m_Shader": {
    "m_FileID": 1,
    "m_PathID": -5030116878936476770,
    "Name": "miHoYo/Character/Character_Base_Uber",
    "IsNull": false
  },
  "m_SavedProperties": {
    "m_TexEnvs": {
      "_BumpMap": {
        "m_Texture": {
          "m_FileID": 8,
          "m_PathID": -2495786014791628978,
          "Name": "Avatar_Loli_Pole_Kachina_Tex_Body_Normal",
          "IsNull": false
        },
        "m_Scale": {
          "X": 1.0,
          "Y": 1.0
        },
        "m_Offset": {
          "X": 0.0,
          "Y": 0.0
        }
      },
      "_FaceMapTex": {
        "m_Texture": {
          "m_FileID": 0,
          "m_PathID": 0,
          "Name": "",
          "IsNull": true
        },
        "m_Scale": {
          "X": 1.0,
          "Y": 1.0
        },
        "m_Offset": {
          "X": 0.0,
          "Y": 0.0
        }
      },
      "_LightMapBlueNoise": {
        "m_Texture": {
          "m_FileID": 0,
          "m_PathID": 0,
          "Name": "",
          "IsNull": true
        },
        "m_Scale": {
          "X": 1.0,
          "Y": 1.0
        },
        "m_Offset": {
          "X": 0.0,
          "Y": 0.0
        }
      },
      "_LightMapTex": {
        "m_Texture": {
          "m_FileID": 7,
          "m_PathID": -8648358647458727453,
          "Name": "Avatar_Loli_Pole_Kachina_Tex_Body_Lightmap",
          "IsNull": false
        },
        "m_Scale": {
          "X": 1.0,
          "Y": 1.0
        },
        "m_Offset": {
          "X": 0.0,
          "Y": 0.0
        }
      },
      "_MTMap": {
        "m_Texture": {
          "m_FileID": 9,
          "m_PathID": -867313356815120306,
          "Name": "Avatar_Tex_MetalMap",
          "IsNull": false
        },
        "m_Scale": {
          "X": 1.0,
          "Y": 1.0
        },
        "m_Offset": {
          "X": 0.0,
          "Y": 0.0
        }
      },
      "_MTSpecularRamp": {
        "m_Texture": {
          "m_FileID": 4,
          "m_PathID": 5094753009728422861,
          "Name": "Avatar_Tex_Specular_Ramp",
          "IsNull": false
        },
        "m_Scale": {
          "X": 1.0,
          "Y": 1.0
        },
        "m_Offset": {
          "X": 0.0,
          "Y": 0.0
        }
      },
      "_MainTex": {
        "m_Texture": {
          "m_FileID": 6,
          "m_PathID": -1724939999269999996,
          "Name": "Avatar_Loli_Pole_Kachina_Tex_Body_Diffuse",
          "IsNull": false
        },
        "m_Scale": {
          "X": 1.0,
          "Y": 1.0
        },
        "m_Offset": {
          "X": 0.0,
          "Y": 0.0
        }
      },
      "_MaterialMasksTex": {
        "m_Texture": {
          "m_FileID": 0,
          "m_PathID": 0,
          "Name": "",
          "IsNull": true
        },
        "m_Scale": {
          "X": 1.0,
          "Y": 1.0
        },
        "m_Offset": {
          "X": 0.0,
          "Y": 0.0
        }
      },
      "_NormalPackageMap": {
        "m_Texture": {
          "m_FileID": 0,
          "m_PathID": 0,
          "Name": "",
          "IsNull": true
        },
        "m_Scale": {
          "X": 1.0,
          "Y": 1.0
        },
        "m_Offset": {
          "X": 0.0,
          "Y": 0.0
        }
      },
      "_NyxStateOutlineColorRamp": {
        "m_Texture": {
          "m_FileID": 2,
          "m_PathID": -2105604194803900756,
          "Name": "Avatar_Loli_Pole_Kachina_Tex_Ramp",
          "IsNull": false
        },
        "m_Scale": {
          "X": 1.0,
          "Y": 1.0
        },
        "m_Offset": {
          "X": 0.0,
          "Y": 0.0
        }
      },
      "_NyxStateOutlineNoise": {
        "m_Texture": {
          "m_FileID": 3,
          "m_PathID": 1718990294553321755,
          "Name": "Eff_Avatar_NyxState",
          "IsNull": false
        },
        "m_Scale": {
          "X": 1.0,
          "Y": 1.0
        },
        "m_Offset": {
          "X": 0.0,
          "Y": 0.0
        }
      },
      "_PackageLightMap": {
        "m_Texture": {
          "m_FileID": 0,
          "m_PathID": 0,
          "Name": "",
          "IsNull": true
        },
        "m_Scale": {
          "X": 1.0,
          "Y": 1.0
        },
        "m_Offset": {
          "X": 0.0,
          "Y": 0.0
        }
      },
      "_PackedShadowRampTex": {
        "m_Texture": {
          "m_FileID": 5,
          "m_PathID": -2252786638096909983,
          "Name": "Avatar_Loli_Pole_Kachina_Tex_Body_Shadow_Ramp",
          "IsNull": false
        },
        "m_Scale": {
          "X": 1.0,
          "Y": 1.0
        },
        "m_Offset": {
          "X": 0.0,
          "Y": 0.0
        }
      },
      "_TempNyxStatePaintMaskTex": {
        "m_Texture": {
          "m_FileID": 10,
          "m_PathID": 6807742458848805484,
          "Name": "Avatar_Loli_Pole_Kachina_Tex_Body_Mask",
          "IsNull": false
        },
        "m_Scale": {
          "X": 1.0,
          "Y": 1.0
        },
        "m_Offset": {
          "X": 0.0,
          "Y": 0.0
        }
      },
      "_TextureLinePackageMap": {
        "m_Texture": {
          "m_FileID": 0,
          "m_PathID": 0,
          "Name": "",
          "IsNull": true
        },
        "m_Scale": {
          "X": 1.0,
          "Y": 1.0
        },
        "m_Offset": {
          "X": 0.0,
          "Y": 0.0
        }
      }
    },
    "m_Ints": null,
    "m_Floats": {
      "_ASEHeader": 0.0,
      "_AlphaLength": 0.0,
      "_AlphaOffset": 0.0,
      "_AnimBoneOffset": 0.0,
      "_AnimFPS": 15.0,
      "_BlurSize": 1.0,
      "_BumpScale": 1.0,
      "_CharacterAmbientSensorColorOn": 0.0,
      "_CharacterAmbientSensorForceShadowOn": 0.0,
      "_CharacterAmbientSensorShadowOn": 0.0,
      "_CharacterBumpScale": 1.0,
      "_CharacterColor": 0.0,
      "_CharacterCubeID1": 0.0,
      "_CharacterCubeID2": 0.0,
      "_CharacterCubeID3": 0.0,
      "_CharacterCubeID4": 0.0,
      "_CharacterCubeID5": 0.0,
      "_CharacterCubeIntensity": 0.1,
      "_CharacterCubeRoughness": 0.5,
      "_CharacterEmission": 0.0,
      "_CharacterID": 1.0,
      "_CharacterMainTex": 0.0,
      "_CharacterMatID2": 0.0,
      "_CharacterMatID3": 0.0,
      "_CharacterMatID4": 0.0,
      "_CharacterMatID5": 0.0,
      "_CharacterNormal": 0.0,
      "_CharacterShadow": 0.0,
      "_ClipAlphaHighLightScale": 0.0,
      "_ClipAlphaThreshold": 0.0,
      "_ClipAlphaUVSet": 0.0,
      "_ClipBoxHighLightScale": 0.2,
      "_ClipDissolveDirection": 0.0,
      "_ClipDissolveHightlightScale": 1.0,
      "_ClipDissolveValue": 1.0,
      "_ClipMethod": 0.0,
      "_ClipPlaneWorld": 1.0,
      "_Cull": 2.0,
      "_CullMode": 2.0,
      "_CutOff": 0.01,
      "_Cutoff": 0.5,
      "_DepthBiasScaled": 0.6,
      "_DetailNormalMapScale": 1.0,
      "_DitherAlpha": 1.0,
      "_DitherDefaultColorSwitch": 0.0,
      "_DitherDefaultUVSwitch": 0.0,
      "_DitherDefaultValue": 1.0,
      "_DitherReverse": 0.0,
      "_DrawBackFace": 0.0,
      "_DstBlend": 0.0,
      "_DummyFixedForNormal": 1.0,
      "_DummyHitColor": 0.0,
      "_DummyMainSettings": 0.0,
      "_DummyMaterial2": 0.0,
      "_DummyMaterial3": 0.0,
      "_DummyMaterial4": 0.0,
      "_DummyMaterial5": 0.0,
      "_DummyOutline": 0.0,
      "_DummyTextureLine": 0.0,
      "_DummyUseDither": 0.0,
      "_Dx11ShaderPsScore": 134.0,
      "_Dx11ShaderScore": 254.0,
      "_Dx11ShaderVsScore": 120.0,
      "_ElementViewEleID": 0.0,
      "_EmissionScaler": 1.0,
      "_EmissionScaler1": 1.0,
      "_EmissionScaler2": 1.0,
      "_EmissionScaler3": 0.0,
      "_EmissionScaler4": 0.0,
      "_EmissionScaler5": 0.0,
      "_EmissionStrengthLerp": 0.0,
      "_EnableCustomParams": 0.0,
      "_EnableDefaultDither": 0.0,
      "_EnableDepthBlend": 0.0,
      "_EnableDistanceLerp": 0.0,
      "_EnableDitherAlpha": 0.0,
      "_EnableHitColor": 0.0,
      "_EnableOthers": 0.0,
      "_EnableOutLine": 1.0,
      "_EnablePerformance": 0.0,
      "_FaceBlushStrength": 0.0,
      "_FaceMapRotateOffset": 0.0,
      "_FaceMapSoftness": 1E-06,
      "_FlareType": 0.0,
      "_GlossMapScale": 1.0,
      "_Glossiness": 0.5,
      "_GlossyReflections": 1.0,
      "_HitColorFresnelPower": 1.5,
      "_HitColorScaler": 6.0,
      "_InstanceData": 0.0,
      "_LightArea": 0.55,
      "_LightMapBlurSize": 1.0,
      "_LightMapLayerEnum": 0.0,
      "_MHYZBias": 0.0,
      "_MTMapBrightness": 3.0,
      "_MTMapTileScale": 1.0,
      "_MTSharpLayerOffset": 0.95,
      "_MTShininess": 3.0,
      "_MTSpecularAttenInShadow": 0.2,
      "_MTSpecularOffset": 0.0,
      "_MTSpecularScale": 1.2,
      "_MTUseSpecularRamp": 1.0,
      "_MainSettingsGroup": 0.0,
      "_MainTexAlphaCutoff": 0.5,
      "_MainTexAlphaUse": 2.0,
      "_MainTexColoring": 0.0,
      "_MaterialShadowBias": 0.0001,
      "_MaxOutlineZOffset": 1.0,
      "_MetalMaterial": 1.0,
      "_Metallic": 0.0,
      "_Mode": 0.0,
      "_NormalMapLayerEnum": 0.0,
      "_NormalMapOffset": 0.0,
      "_NormalMapScale": 0.0,
      "_NyxStateEnableOutlineVertAnimScaleHeightLerp": 1.0,
      "_NyxStateEnableOutlineWidthScaleHeightLerp": 1.0,
      "_NyxStateOutlineColorNoiseTurbulence": 0.25,
      "_NyxStateOutlineColorOnBodyOpacity": 1.0,
      "_NyxStateOutlineColorScale": 4.0,
      "_NyxStateOutlineVertAnimScale": 1.0,
      "_NyxStateOutlineWidthScale": 1.0,
      "_NyxStatePaintMaskChannel": 0.0,
      "_OcclusionStrength": 1.0,
      "_OutLineIntensity": 1.0,
      "_OutLineIntensity2": 1.0,
      "_OutLineIntensity3": 0.0,
      "_OutLineIntensity4": 1.0,
      "_OutLineIntensity5": 1.0,
      "_OutlineGroup": 0.0,
      "_OutlineMotionVectorsCull": 1.0,
      "_OutlinePolygonOffsetFactor": 0.0,
      "_OutlinePolygonOffsetUnit": 0.0,
      "_OutlineType": 2.0,
      "_OutlineWidth": 0.03,
      "_PackageLightMapToggle": 0.0,
      "_PackageNormalMapToggle": 0.0,
      "_Parallax": 0.02,
      "_PerformanceLayerEnum": 0.0,
      "_PolygonOffsetFactor": 0.0,
      "_PolygonOffsetUnit": 0.0,
      "_Scale": 0.01,
      "_SceneObjLightingGroup": 0.0,
      "_ShadowRampWidth": 1.0,
      "_ShadowTransitionRange": 0.01,
      "_ShadowTransitionRange2": 0.01,
      "_ShadowTransitionRange3": 0.01,
      "_ShadowTransitionRange4": 0.01,
      "_ShadowTransitionRange5": 0.01,
      "_ShadowTransitionSoftness": 0.5,
      "_ShadowTransitionSoftness2": 0.5,
      "_ShadowTransitionSoftness3": 0.5,
      "_ShadowTransitionSoftness4": 0.5,
      "_ShadowTransitionSoftness5": 0.5,
      "_Shininess": 20.0,
      "_Shininess2": 20.0,
      "_Shininess3": 0.1,
      "_Shininess4": 15.0,
      "_Shininess5": 10.0,
      "_SmoothnessTextureChannel": 0.0,
      "_SpecMulti": 0.4,
      "_SpecMulti2": 0.1,
      "_SpecMulti3": 0.1,
      "_SpecMulti4": 0.1,
      "_SpecMulti5": 0.1,
      "_SpecOpacity": 0.0,
      "_SpecOpacity2": 0.0,
      "_SpecOpacity3": 0.0,
      "_SpecOpacity4": 0.041,
      "_SpecOpacity5": 0.0,
      "_SpecualrInShaow": 0.15,
      "_SpecularHighlights": 1.0,
      "_SrcBlend": 1.0,
      "_TempNyxStatePaintMaskChannel": 0.0,
      "_TessEdgeLength": 10.0,
      "_TessOutlineZOffset": 0.0,
      "_TessPidStart": 0.0,
      "_TessStrength": 1.0,
      "_TessType": 0.0,
      "_TessellationCheckInflectionOn": 1.0,
      "_TessellationOn": 0.0,
      "_TextureBiasWhenDithering": -1.0,
      "_TextureLineSmoothness": 0.0,
      "_TextureLineThickness": 0.0,
      "_UVSec": 0.0,
      "_UseBackFaceUV2": 1.0,
      "_UseBumpMap": 1.0,
      "_UseCalculateTangent": 1.0,
      "_UseCharacterCube": 0.0,
      "_UseClipPlane": 0.0,
      "_UseClipping": 0.0,
      "_UseCoolShadowColorOrTex": 1.0,
      "_UseFaceMapNew": 0.0,
      "_UseLightMapColorAO": 1.0,
      "_UseMaterial2": 0.0,
      "_UseMaterial3": 1.0,
      "_UseMaterial4": 1.0,
      "_UseMaterial5": 1.0,
      "_UseMaterialMasksTex": 0.0,
      "_UseShadowRamp": 1.0,
      "_UseShadowTransition": 0.0,
      "_UseSpecular": 0.0,
      "_UseToonLightMap": 1.0,
      "_UseVertexColorAO": 1.0,
      "_UseVertexRampWidth": 1.0,
      "_UsingCityRoot": 0.0,
      "_UsingDitherAlpha": 0.0,
      "_UtilityDisplay1": 0.0,
      "_UtilityDisplay2": 0.0,
      "_ZWrite": 1.0,
      "_isNativeMainNormal": 0.0,
      "_isSecondLayer": 0.0,
      "_isThridLayer": 0.0,
      "_shadowSoftRange": 1.0,
      "_shadowSoftRange2": 0.0,
      "_shadowSoftRange3": 0.0,
      "_shadowSoftRange4": 0.0,
      "_shadowSoftRange5": 0.0,
      "_useShadowSoft": 0.0,
      "_useShadowSoft2": 0.0,
      "_useShadowSoft3": 0.0,
      "_useShadowSoft4": 0.0,
      "_useShadowSoft5": 0.0
    },
    "m_Colors": {
      "_CharacterCubeColor": {
        "r": 0.0,
        "g": 0.0,
        "b": 0.0,
        "a": 0.0
      },
      "_CharacterCubeColor2": {
        "r": 0.0,
        "g": 0.0,
        "b": 0.0,
        "a": 0.0
      },
      "_CharacterCubeColor3": {
        "r": 0.0,
        "g": 0.0,
        "b": 0.0,
        "a": 0.0
      },
      "_CharacterCubeColor4": {
        "r": 0.0,
        "g": 0.0,
        "b": 0.0,
        "a": 0.0
      },
      "_CharacterCubeColor5": {
        "r": 0.0,
        "g": 0.0,
        "b": 0.0,
        "a": 0.0
      },
      "_ClipBoxPositionOffset": {
        "r": 0.0,
        "g": 0.0,
        "b": 0.0,
        "a": 0.0
      },
      "_ClipBoxScale": {
        "r": 0.5,
        "g": 0.5,
        "b": 0.5,
        "a": 1.0
      },
      "_ClipHighLightColor": {
        "r": 1.0,
        "g": 1.0,
        "b": 1.0,
        "a": 1.0
      },
      "_ClipPlane": {
        "r": 0.0,
        "g": 0.0,
        "b": 0.0,
        "a": 0.0
      },
      "_Color": {
        "r": 1.0,
        "g": 1.0,
        "b": 1.0,
        "a": 1.0
      },
      "_Color2": {
        "r": 1.0,
        "g": 1.0,
        "b": 1.0,
        "a": 1.0
      },
      "_Color3": {
        "r": 1.0,
        "g": 1.0,
        "b": 1.0,
        "a": 1.0
      },
      "_Color4": {
        "r": 1.0,
        "g": 1.0,
        "b": 1.0,
        "a": 1.0
      },
      "_Color5": {
        "r": 1.0,
        "g": 1.0,
        "b": 1.0,
        "a": 1.0
      },
      "_CoolShadowMultColor": {
        "r": 0.7941176,
        "g": 0.72988755,
        "b": 0.77108335,
        "a": 1.0
      },
      "_CoolShadowMultColor2": {
        "r": 0.75,
        "g": 0.6452206,
        "b": 0.6452206,
        "a": 1.0
      },
      "_CoolShadowMultColor3": {
        "r": 0.9411765,
        "g": 0.8788927,
        "b": 0.8788927,
        "a": 1.0
      },
      "_CoolShadowMultColor4": {
        "r": 0.73745674,
        "g": 0.75566757,
        "b": 0.8088235,
        "a": 1.0
      },
      "_CoolShadowMultColor5": {
        "r": 0.8014706,
        "g": 0.76021844,
        "b": 0.7705315,
        "a": 1.0
      },
      "_DitherCityRoot": {
        "r": 0.0,
        "g": 0.0,
        "b": 0.0,
        "a": 0.0
      },
      "_ElementRimColor": {
        "r": 0.0,
        "g": 0.0,
        "b": 0.0,
        "a": 0.0
      },
      "_EmissionColor": {
        "r": 0.0,
        "g": 0.0,
        "b": 0.0,
        "a": 1.0
      },
      "_EmissionColor_MHY": {
        "r": 1.0,
        "g": 1.0,
        "b": 1.0,
        "a": 1.0
      },
      "_EmissionColor_MHY1": {
        "r": 1.0,
        "g": 1.0,
        "b": 1.0,
        "a": 1.0
      },
      "_EmissionColor_MHY2": {
        "r": 1.0,
        "g": 1.0,
        "b": 1.0,
        "a": 1.0
      },
      "_EmissionColor_MHY3": {
        "r": 1.0,
        "g": 1.0,
        "b": 1.0,
        "a": 1.0
      },
      "_EmissionColor_MHY4": {
        "r": 1.0,
        "g": 1.0,
        "b": 1.0,
        "a": 1.0
      },
      "_EmissionColor_MHY5": {
        "r": 1.0,
        "g": 1.0,
        "b": 1.0,
        "a": 1.0
      },
      "_FaceBlushColor": {
        "r": 1.0,
        "g": 0.8,
        "b": 0.7,
        "a": 1.0
      },
      "_FirstShadowMultColor": {
        "r": 0.8308824,
        "g": 0.7662488,
        "b": 0.7514598,
        "a": 1.0
      },
      "_FirstShadowMultColor2": {
        "r": 0.7205882,
        "g": 0.60073376,
        "b": 0.5086505,
        "a": 1.0
      },
      "_FirstShadowMultColor3": {
        "r": 0.8897059,
        "g": 0.7184257,
        "b": 0.68036336,
        "a": 1.0
      },
      "_FirstShadowMultColor4": {
        "r": 0.8381488,
        "g": 0.85294116,
        "b": 0.7964965,
        "a": 1.0
      },
      "_FirstShadowMultColor5": {
        "r": 0.7941176,
        "g": 0.7275922,
        "b": 0.7123702,
        "a": 1.0
      },
      "_HitColor": {
        "r": 0.0,
        "g": 0.0,
        "b": 0.0,
        "a": 0.0
      },
      "_MTMapDarkColor": {
        "r": 0.6985294,
        "g": 0.5371045,
        "b": 0.4725346,
        "a": 1.0
      },
      "_MTMapLightColor": {
        "r": 1.0,
        "g": 1.0,
        "b": 1.0,
        "a": 1.0
      },
      "_MTShadowMultiColor": {
        "r": 0.85813147,
        "g": 0.86072063,
        "b": 0.9117647,
        "a": 1.0
      },
      "_MTSharpLayerColor": {
        "r": 1.0,
        "g": 1.0,
        "b": 1.0,
        "a": 1.0
      },
      "_MTSpecularColor": {
        "r": 1.0,
        "g": 1.0,
        "b": 1.0,
        "a": 1.0
      },
      "_MainTexTintColor": {
        "r": 1.0,
        "g": 1.0,
        "b": 1.0,
        "a": 1.0
      },
      "_NyxStateOutlineColorNoiseAnim": {
        "r": 0.1,
        "g": -0.2,
        "b": 0.0,
        "a": 0.0
      },
      "_NyxStateOutlineColorNoiseScale": {
        "r": 4.0,
        "g": 3.0,
        "b": 0.0,
        "a": 0.0
      },
      "_NyxStateOutlineColorOnBodyMultiplier": {
        "r": 1.0,
        "g": 1.0,
        "b": 1.0,
        "a": 1.0
      },
      "_NyxStateOutlineVertAnimNoiseAnim": {
        "r": 0.5,
        "g": 0.25,
        "b": 0.0,
        "a": 0.0
      },
      "_NyxStateOutlineVertAnimNoiseScale": {
        "r": 2.0,
        "g": 2.0,
        "b": 0.0,
        "a": 0.0
      },
      "_NyxStateOutlineVertAnimScaleLerpHeightRange": {
        "r": 0.0,
        "g": 0.6,
        "b": 1.6666666,
        "a": 0.0
      },
      "_NyxStateOutlineVertAnimScaleRange": {
        "r": 10.0,
        "g": 12.0,
        "b": 0.0,
        "a": 0.0
      },
      "_NyxStateOutlineWidthScaleLerpHeightRange": {
        "r": 0.0,
        "g": 0.01,
        "b": 100.0,
        "a": 0.0
      },
      "_NyxStateOutlineWidthScaleRange": {
        "r": 5.0,
        "g": 5.0,
        "b": 0.0,
        "a": 0.0
      },
      "_NyxStateOutlineWidthVarietyWithResolution": {
        "r": 1080.0,
        "g": 0.0,
        "b": 0.0,
        "a": 0.0
      },
      "_OutlineColor": {
        "r": 0.125,
        "g": 0.1149214,
        "b": 0.11121324,
        "a": 1.0
      },
      "_OutlineColor2": {
        "r": 0.4191176,
        "g": 0.29006678,
        "b": 0.20647702,
        "a": 1.0
      },
      "_OutlineColor3": {
        "r": 0.47794116,
        "g": 0.30758455,
        "b": 0.29168466,
        "a": 1.0
      },
      "_OutlineColor4": {
        "r": 0.21098618,
        "g": 0.21323532,
        "b": 0.17246974,
        "a": 1.0
      },
      "_OutlineColor5": {
        "r": 0.3455882,
        "g": 0.31095928,
        "b": 0.2795199,
        "a": 1.0
      },
      "_OutlineWidthAdjustScales": {
        "r": 0.105,
        "g": 0.245,
        "b": 0.6,
        "a": 0.0
      },
      "_OutlineWidthAdjustZs": {
        "r": 0.01,
        "g": 2.0,
        "b": 6.0,
        "a": 0.0
      },
      "_PlaneNormalVecU": {
        "r": 0.0,
        "g": 0.0,
        "b": 0.0,
        "a": 0.0
      },
      "_PlaneNormalVecV": {
        "r": 0.0,
        "g": 0.0,
        "b": 0.0,
        "a": 0.0
      },
      "_SingleColorOutputColor": {
        "r": 1.0,
        "g": 1.0,
        "b": 1.0,
        "a": 1.0
      },
      "_SpecularColor": {
        "r": 1.0,
        "g": 1.0,
        "b": 1.0,
        "a": 1.0
      },
      "_SpecularColor1": {
        "r": 1.0,
        "g": 1.0,
        "b": 1.0,
        "a": 1.0
      },
      "_SpecularColor2": {
        "r": 0.86764705,
        "g": 0.7888021,
        "b": 0.68901384,
        "a": 0.0
      },
      "_SpecularColor3": {
        "r": 0.0,
        "g": 0.0,
        "b": 0.0,
        "a": 0.0
      },
      "_SpecularColor4": {
        "r": 1.0,
        "g": 1.0,
        "b": 1.0,
        "a": 0.0
      },
      "_SpecularColor5": {
        "r": 0.0,
        "g": 0.0,
        "b": 0.0,
        "a": 0.0
      },
      "_TextureLineDistanceControl": {
        "r": 0.1,
        "g": 0.6,
        "b": 1.0,
        "a": 1.0
      },
      "_TextureLineMultiplier": {
        "r": 1.0,
        "g": 1.0,
        "b": 1.0,
        "a": 1.0
      }
    }
  },
  "m_Name": "Avatar_Loli_Pole_Kachina_Mat_Body",
  "Name": "Avatar_Loli_Pole_Kachina_Mat_Body"
}