{
  "m_Shader": {
    "m_FileID": 1,
    "m_PathID": -9073129039007415976,
    "Name": "miHoYo/Character/Mavuika",
    "IsNull": false
  },
  "m_SavedProperties": {
    "m_TexEnvs": {
      "_AnimTextureQ": {
        "m_Texture": {
          "m_FileID": 0,
          "m_PathID": 0,
          "Name": "",
          "IsNull": true
        },
        "m_Scale": {
          "X": 1.0,
          "Y": 1.0
        },
        "m_Offset": {
          "X": 0.0,
          "Y": 0.0
        }
      },
      "_AnimTextureT": {
        "m_Texture": {
          "m_FileID": 0,
          "m_PathID": 0,
          "Name": "",
          "IsNull": true
        },
        "m_Scale": {
          "X": 1.0,
          "Y": 1.0
        },
        "m_Offset": {
          "X": 0.0,
          "Y": 0.0
        }
      },
      "_BumpMap": {
        "m_Texture": {
          "m_FileID": 0,
          "m_PathID": 0,
          "Name": "",
          "IsNull": true
        },
        "m_Scale": {
          "X": 1.0,
          "Y": 1.0
        },
        "m_Offset": {
          "X": 0.0,
          "Y": 0.0
        }
      },
      "_ClipAlphaTex": {
        "m_Texture": {
          "m_FileID": 0,
          "m_PathID": 0,
          "Name": "",
          "IsNull": true
        },
        "m_Scale": {
          "X": 1.0,
          "Y": 1.0
        },
        "m_Offset": {
          "X": 0.0,
          "Y": 0.0
        }
      },
      "_FaceMapTex": {
        "m_Texture": {
          "m_FileID": 0,
          "m_PathID": 0,
          "Name": "",
          "IsNull": true
        },
        "m_Scale": {
          "X": 1.0,
          "Y": 1.0
        },
        "m_Offset": {
          "X": 0.0,
          "Y": 0.0
        }
      },
      "_LerpTex": {
        "m_Texture": {
          "m_FileID": 2,
          "m_PathID": -3007211071978691414,
          "Name": "Avatar_Lady_Claymore_Mavuika_Tex_HairVat",
          "IsNull": false
        },
        "m_Scale": {
          "X": 1.0,
          "Y": 1.0
        },
        "m_Offset": {
          "X": 0.0,
          "Y": 0.0
        }
      },
      "_LightMapTex": {
        "m_Texture": {
          "m_FileID": 0,
          "m_PathID": 0,
          "Name": "",
          "IsNull": true
        },
        "m_Scale": {
          "X": 1.0,
          "Y": 1.0
        },
        "m_Offset": {
          "X": 0.0,
          "Y": 0.0
        }
      },
      "_MTMap": {
        "m_Texture": {
          "m_FileID": 0,
          "m_PathID": 0,
          "Name": "",
          "IsNull": true
        },
        "m_Scale": {
          "X": 1.0,
          "Y": 1.0
        },
        "m_Offset": {
          "X": 0.0,
          "Y": 0.0
        }
      },
      "_MTSpecularRamp": {
        "m_Texture": {
          "m_FileID": 0,
          "m_PathID": 0,
          "Name": "",
          "IsNull": true
        },
        "m_Scale": {
          "X": 1.0,
          "Y": 1.0
        },
        "m_Offset": {
          "X": 0.0,
          "Y": 0.0
        }
      },
      "_MainTex": {
        "m_Texture": {
          "m_FileID": 0,
          "m_PathID": 0,
          "Name": "",
          "IsNull": true
        },
        "m_Scale": {
          "X": 1.0,
          "Y": 1.0
        },
        "m_Offset": {
          "X": 0.0,
          "Y": 0.0
        }
      },
      "_MaterialMasksTex": {
        "m_Texture": {
          "m_FileID": 0,
          "m_PathID": 0,
          "Name": "",
          "IsNull": true
        },
        "m_Scale": {
          "X": 1.0,
          "Y": 1.0
        },
        "m_Offset": {
          "X": 0.0,
          "Y": 0.0
        }
      },
      "_PackedShadowRampTex": {
        "m_Texture": {
          "m_FileID": 0,
          "m_PathID": 0,
          "Name": "",
          "IsNull": true
        },
        "m_Scale": {
          "X": 1.0,
          "Y": 1.0
        },
        "m_Offset": {
          "X": 0.0,
          "Y": 0.0
        }
      },
      "_VretexTex": {
        "m_Texture": {
          "m_FileID": 3,
          "m_PathID": -8303715809638209912,
          "Name": "Eff_Symbol_Mavuika_Noise_00",
          "IsNull": false
        },
        "m_Scale": {
          "X": 2.0,
          "Y": 2.0
        },
        "m_Offset": {
          "X": 0.0,
          "Y": 0.0
        }
      }
    },
    "m_Ints": null,
    "m_Floats": {
      "_ASEHeader": 0.0,
      "_AnimBoneOffset": 0.0,
      "_AnimFPS": 15.0,
      "_BumpScale": 1.0,
      "_CharacterAmbientSensorColorOn": 0.0,
      "_CharacterAmbientSensorForceShadowOn": 0.0,
      "_CharacterAmbientSensorShadowOn": 0.0,
      "_ClipAlphaHighLightScale": 0.0,
      "_ClipAlphaThreshold": 0.0,
      "_ClipAlphaUVSet": 0.0,
      "_ClipBoxHighLightScale": 0.2,
      "_ClipDissolveDirection": 0.0,
      "_ClipDissolveHightlightScale": 1.0,
      "_ClipDissolveValue": 1.0,
      "_ClipMethod": 0.0,
      "_ClipPlaneWorld": 1.0,
      "_CullMode": 2.0,
      "_DitherAlpha": 1.0,
      "_DrawBackFace": 0.0,
      "_ElementViewEleID": 0.0,
      "_EmissionScaler": 1.0,
      "_EmissionScaler1": 1.0,
      "_EmissionScaler2": 1.0,
      "_EmissionScaler3": 1.0,
      "_EmissionScaler4": 1.0,
      "_EmissionScaler5": 1.0,
      "_FaceBlushStrength": 0.0,
      "_FaceMapRotateOffset": 0.0,
      "_FaceMapSoftness": 1E-06,
      "_FlareType": 0.0,
      "_HighlightsBrightness": 0.1,
      "_HighlightsSpeed": 16.0,
      "_InstanceData": 0.0,
      "_LightArea": 0.5,
      "_MTMapBrightness": 1.0,
      "_MTMapTileScale": 1.0,
      "_MTSharpLayerOffset": 1.0,
      "_MTShininess": 11.0,
      "_MTSpecularAttenInShadow": 0.2,
      "_MTSpecularScale": 60.0,
      "_MTUseSpecularRamp": 0.0,
      "_MainTexAlphaCutoff": 0.5,
      "_MainTexAlphaUse": 0.0,
      "_MainTexColoring": 0.0,
      "_MaxOutlineZOffset": 1.0,
      "_MetalMaterial": 0.0,
      "_NoisePowerForLerpTex": -0.007,
      "_OutLineScaler": 0.75,
      "_OutlineMotionVectorsCull": 1.0,
      "_OutlinePolygonOffsetFactor": 0.0,
      "_OutlinePolygonOffsetUnit": 0.0,
      "_OutlineType": 2.0,
      "_OutlineWidth": 0.04,
      "_PolygonOffsetFactor": 0.0,
      "_PolygonOffsetUnit": 0.0,
      "_Scale": 0.01,
      "_ShadowRampWidth": 1.0,
      "_ShadowTransitionRange": 0.01,
      "_ShadowTransitionRange2": 0.01,
      "_ShadowTransitionRange3": 0.01,
      "_ShadowTransitionRange4": 0.01,
      "_ShadowTransitionRange5": 0.01,
      "_ShadowTransitionSoftness": 0.5,
      "_ShadowTransitionSoftness2": 0.5,
      "_ShadowTransitionSoftness3": 0.5,
      "_ShadowTransitionSoftness4": 0.5,
      "_ShadowTransitionSoftness5": 0.5,
      "_Shininess": 10.0,
      "_Shininess2": 10.0,
      "_Shininess3": 10.0,
      "_Shininess4": 10.0,
      "_Shininess5": 10.0,
      "_SpecMulti": 0.1,
      "_SpecMulti2": 0.1,
      "_SpecMulti3": 0.1,
      "_SpecMulti4": 0.1,
      "_SpecMulti5": 0.1,
      "_TessEdgeLength": 10.0,
      "_TessOutlineZOffset": 0.0,
      "_TessPidStart": 0.0,
      "_TessStrength": 1.0,
      "_TessType": 0.0,
      "_TessellationCheckInflectionOn": 1.0,
      "_TessellationOn": 0.0,
      "_TextureBiasWhenDithering": -1.0,
      "_TextureLineSmoothness": 0.1,
      "_TextureLineThickness": 0.6,
      "_UseBackFaceUV2": 1.0,
      "_UseBumpMap": 0.0,
      "_UseClipPlane": 0.0,
      "_UseClipping": 0.0,
      "_UseCoolShadowColorOrTex": 0.0,
      "_UseFaceMapNew": 0.0,
      "_UseLightMapColorAO": 1.0,
      "_UseMaterial2": 0.0,
      "_UseMaterial3": 0.0,
      "_UseMaterial4": 0.0,
      "_UseMaterial5": 0.0,
      "_UseMaterialMasksTex": 0.0,
      "_UseShadowRamp": 0.0,
      "_UseShadowTransition": 0.0,
      "_UseToonLightMap": 1.0,
      "_UseVertexColorAO": 1.0,
      "_UseVertexRampWidth": 0.0,
      "_UsingDitherAlpha": 0.0,
      "_UtilityDisplay1": 0.0,
      "_UtilityDisplay2": 0.0,
      "_VertexAdd": -0.3,
      "_VertexMask": 1.1,
      "_VertexPower": 0.009,
      "_VretexTexSwitch": 1.0,
      "_VretexTexUS": 0.15,
      "_VretexTexVS": 0.7
    },
    "m_Colors": {
      "_AhomoColor": {
        "r": 1.4889705,
        "g": 0.64693207,
        "b": 0.0,
        "a": 1.0
      },
      "_AllColorBrightness": {
        "r": 1.0,
        "g": 1.0,
        "b": 1.0,
        "a": 1.0
      },
      "_ClipBoxPositionOffset": {
        "r": 0.0,
        "g": 0.0,
        "b": 0.0,
        "a": 0.0
      },
      "_ClipBoxScale": {
        "r": 0.5,
        "g": 0.5,
        "b": 0.5,
        "a": 1.0
      },
      "_ClipHighLightColor": {
        "r": 1.0,
        "g": 1.0,
        "b": 1.0,
        "a": 1.0
      },
      "_ClipPlane": {
        "r": 0.0,
        "g": 0.0,
        "b": 0.0,
        "a": 0.0
      },
      "_Color": {
        "r": 1.0,
        "g": 1.0,
        "b": 1.0,
        "a": 1.0
      },
      "_Color0": {
        "r": 0.0,
        "g": 0.0,
        "b": 0.0,
        "a": 1.0
      },
      "_Color1": {
        "r": 1.0,
        "g": 1.0,
        "b": 1.0,
        "a": 1.0
      },
      "_Color2": {
        "r": 1.0,
        "g": 1.0,
        "b": 1.0,
        "a": 1.0
      },
      "_Color3": {
        "r": 1.0,
        "g": 1.0,
        "b": 1.0,
        "a": 1.0
      },
      "_Color4": {
        "r": 1.0,
        "g": 1.0,
        "b": 1.0,
        "a": 1.0
      },
      "_Color5": {
        "r": 1.0,
        "g": 1.0,
        "b": 1.0,
        "a": 1.0
      },
      "_CoolShadowMultColor": {
        "r": 0.9,
        "g": 0.7,
        "b": 0.75,
        "a": 1.0
      },
      "_CoolShadowMultColor2": {
        "r": 0.9,
        "g": 0.7,
        "b": 0.75,
        "a": 1.0
      },
      "_CoolShadowMultColor3": {
        "r": 0.9,
        "g": 0.7,
        "b": 0.75,
        "a": 1.0
      },
      "_CoolShadowMultColor4": {
        "r": 0.9,
        "g": 0.7,
        "b": 0.75,
        "a": 1.0
      },
      "_CoolShadowMultColor5": {
        "r": 0.9,
        "g": 0.7,
        "b": 0.75,
        "a": 1.0
      },
      "_DarkColor": {
        "r": 1.0054932,
        "g": 0.84436965,
        "b": 0.42141992,
        "a": 1.0
      },
      "_DayColor": {
        "r": 1.0,
        "g": 1.0,
        "b": 1.0,
        "a": 1.0
      },
      "_EmissionColor_MHY": {
        "r": 1.0,
        "g": 1.0,
        "b": 1.0,
        "a": 1.0
      },
      "_FaceBlushColor": {
        "r": 1.0,
        "g": 0.8,
        "b": 0.7,
        "a": 1.0
      },
      "_FirstShadowMultColor": {
        "r": 0.9,
        "g": 0.7,
        "b": 0.75,
        "a": 1.0
      },
      "_FirstShadowMultColor2": {
        "r": 0.9,
        "g": 0.7,
        "b": 0.75,
        "a": 1.0
      },
      "_FirstShadowMultColor3": {
        "r": 0.9,
        "g": 0.7,
        "b": 0.75,
        "a": 1.0
      },
      "_FirstShadowMultColor4": {
        "r": 0.9,
        "g": 0.7,
        "b": 0.75,
        "a": 1.0
      },
      "_FirstShadowMultColor5": {
        "r": 0.9,
        "g": 0.7,
        "b": 0.75,
        "a": 1.0
      },
      "_HighlightsColor": {
        "r": 1.4,
        "g": 1.4,
        "b": 1.4,
        "a": 1.0
      },
      "_LightColor": {
        "r": 1.0852942,
        "g": 0.9281139,
        "b": 0.41496542,
        "a": 1.0
      },
      "_MTMapDarkColor": {
        "r": 0.0,
        "g": 0.0,
        "b": 0.0,
        "a": 0.0
      },
      "_MTMapLightColor": {
        "r": 1.0,
        "g": 1.0,
        "b": 1.0,
        "a": 1.0
      },
      "_MTShadowMultiColor": {
        "r": 0.8,
        "g": 0.8,
        "b": 0.8,
        "a": 0.8
      },
      "_MTSharpLayerColor": {
        "r": 1.0,
        "g": 1.0,
        "b": 1.0,
        "a": 1.0
      },
      "_MTSpecularColor": {
        "r": 1.0,
        "g": 1.0,
        "b": 1.0,
        "a": 1.0
      },
      "_MainTexTintColor": {
        "r": 1.0,
        "g": 1.0,
        "b": 1.0,
        "a": 1.0
      },
      "_OutLineColor": {
        "r": 0.875,
        "g": 0.5962158,
        "b": 0.48253676,
        "a": 1.0
      },
      "_OutlineColor": {
        "r": 0.875,
        "g": 0.5962158,
        "b": 0.4825366,
        "a": 1.0
      },
      "_OutlineColor2": {
        "r": 0.0,
        "g": 0.0,
        "b": 0.0,
        "a": 1.0
      },
      "_OutlineColor3": {
        "r": 0.0,
        "g": 0.0,
        "b": 0.0,
        "a": 1.0
      },
      "_OutlineColor4": {
        "r": 0.0,
        "g": 0.0,
        "b": 0.0,
        "a": 1.0
      },
      "_OutlineColor5": {
        "r": 0.0,
        "g": 0.0,
        "b": 0.0,
        "a": 1.0
      },
      "_OutlineWidthAdjustScales": {
        "r": 0.105,
        "g": 0.245,
        "b": 0.6,
        "a": 0.0
      },
      "_OutlineWidthAdjustZs": {
        "r": 0.01,
        "g": 2.0,
        "b": 6.0,
        "a": 0.0
      },
      "_SingleColorOutputColor": {
        "r": 1.0,
        "g": 1.0,
        "b": 1.0,
        "a": 1.0
      },
      "_SpecularColor": {
        "r": 1.0,
        "g": 1.0,
        "b": 1.0,
        "a": 1.0
      },
      "_TextureLineDistanceControl": {
        "r": 0.1,
        "g": 0.6,
        "b": 1.0,
        "a": 1.0
      },
      "_TextureLineMultiplier": {
        "r": 0.0,
        "g": 0.0,
        "b": 0.0,
        "a": 1.0
      }
    }
  },
  "m_Name": "Eff_Mavuika_Hair1",
  "Name": "Eff_Mavuika_Hair1"
}