{
  "m_Shader": {
    "m_FileID": 1,
    "m_PathID": -6868644443425792852,
    "Name": "miHoYo/Character/Base",
    "IsNull": false
  },
  "m_SavedProperties": {
    "m_TexEnvs": {
      "_AnimTextureQ": {
        "m_Texture": {
          "m_FileID": 0,
          "m_PathID": 0,
          "Name": "",
          "IsNull": true
        },
        "m_Scale": {
          "X": 1.0,
          "Y": 1.0
        },
        "m_Offset": {
          "X": 0.0,
          "Y": 0.0
        }
      },
      "_AnimTextureT": {
        "m_Texture": {
          "m_FileID": 0,
          "m_PathID": 0,
          "Name": "",
          "IsNull": true
        },
        "m_Scale": {
          "X": 1.0,
          "Y": 1.0
        },
        "m_Offset": {
          "X": 0.0,
          "Y": 0.0
        }
      },
      "_BumpMap": {
        "m_Texture": {
          "m_FileID": 0,
          "m_PathID": 0,
          "Name": "",
          "IsNull": true
        },
        "m_Scale": {
          "X": 1.0,
          "Y": 1.0
        },
        "m_Offset": {
          "X": 0.0,
          "Y": 0.0
        }
      },
      "_ClipAlphaTex": {
        "m_Texture": {
          "m_FileID": 0,
          "m_PathID": 0,
          "Name": "",
          "IsNull": true
        },
        "m_Scale": {
          "X": 1.0,
          "Y": 1.0
        },
        "m_Offset": {
          "X": 0.0,
          "Y": 0.0
        }
      },
      "_FaceMapTex": {
        "m_Texture": {
          "m_FileID": 0,
          "m_PathID": 0,
          "Name": "",
          "IsNull": true
        },
        "m_Scale": {
          "X": 1.0,
          "Y": 1.0
        },
        "m_Offset": {
          "X": 0.0,
          "Y": 0.0
        }
      },
      "_LightMapTex": {
        "m_Texture": {
          "m_FileID": 2,
          "m_PathID": 1001211892580752863,
          "Name": "SkillObj_Mavuika_Glass_Lightmap",
          "IsNull": false
        },
        "m_Scale": {
          "X": 1.0,
          "Y": 1.0
        },
        "m_Offset": {
          "X": 0.0,
          "Y": 0.0
        }
      },
      "_MTMap": {
        "m_Texture": {
          "m_FileID": 5,
          "m_PathID": -867313356815120306,
          "Name": "Avatar_Tex_MetalMap",
          "IsNull": false
        },
        "m_Scale": {
          "X": 1.0,
          "Y": 1.0
        },
        "m_Offset": {
          "X": 0.0,
          "Y": 0.0
        }
      },
      "_MTSpecularRamp": {
        "m_Texture": {
          "m_FileID": 4,
          "m_PathID": 5502343042704219902,
          "Name": "Monster_Monolith_Ordinator_01_Tex_Ramp",
          "IsNull": false
        },
        "m_Scale": {
          "X": 1.0,
          "Y": 1.0
        },
        "m_Offset": {
          "X": 0.0,
          "Y": 0.0
        }
      },
      "_MainTex": {
        "m_Texture": {
          "m_FileID": 3,
          "m_PathID": 938098847716068711,
          "Name": "SkillObj_Mavuika_Glass_Diffuse",
          "IsNull": false
        },
        "m_Scale": {
          "X": 1.0,
          "Y": 1.0
        },
        "m_Offset": {
          "X": 0.0,
          "Y": 0.0
        }
      },
      "_MaterialMasksTex": {
        "m_Texture": {
          "m_FileID": 0,
          "m_PathID": 0,
          "Name": "",
          "IsNull": true
        },
        "m_Scale": {
          "X": 1.0,
          "Y": 1.0
        },
        "m_Offset": {
          "X": 0.0,
          "Y": 0.0
        }
      },
      "_PackedShadowRampTex": {
        "m_Texture": {
          "m_FileID": 0,
          "m_PathID": 0,
          "Name": "",
          "IsNull": true
        },
        "m_Scale": {
          "X": 1.0,
          "Y": 1.0
        },
        "m_Offset": {
          "X": 0.0,
          "Y": 0.0
        }
      }
    },
    "m_Ints": null,
    "m_Floats": {
      "_ASEHeader": 0.0,
      "_AnimBoneOffset": 0.0,
      "_AnimFPS": 15.0,
      "_BumpScale": 1.0,
      "_CharacterAmbientSensorColorOn": 0.0,
      "_CharacterAmbientSensorForceShadowOn": 0.0,
      "_CharacterAmbientSensorShadowOn": 0.0,
      "_ClipAlphaHighLightScale": 0.0,
      "_ClipAlphaThreshold": 0.0,
      "_ClipAlphaUVSet": 0.0,
      "_ClipBoxHighLightScale": 0.2,
      "_ClipDissolveDirection": 0.0,
      "_ClipDissolveHightlightScale": 1.0,
      "_ClipDissolveValue": 1.0,
      "_ClipMethod": 0.0,
      "_ClipPlaneWorld": 1.0,
      "_CullMode": 2.0,
      "_Cutoff": 0.5,
      "_DetailNormalMapScale": 1.0,
      "_DitherAlpha": 1.0,
      "_DrawBackFace": 0.0,
      "_DstBlend": 0.0,
      "_ElementViewEleID": 0.0,
      "_EmissionScaler": 1.0,
      "_EmissionScaler1": 1.0,
      "_EmissionScaler2": 1.0,
      "_EmissionScaler3": 1.0,
      "_EmissionScaler4": 1.0,
      "_EmissionScaler5": 1.0,
      "_EmissionStrengthLerp": 0.0,
      "_FaceBlushStrength": 0.0,
      "_FaceMapRotateOffset": 0.0,
      "_FaceMapSoftness": 1E-06,
      "_FlareType": 0.0,
      "_GlossMapScale": 1.0,
      "_Glossiness": 0.5,
      "_GlossyReflections": 1.0,
      "_HitColorFresnelPower": 1.5,
      "_HitColorScaler": 6.0,
      "_InstanceData": 0.0,
      "_LightArea": 0.5,
      "_MTMapBrightness": 3.0,
      "_MTMapTileScale": 1.0,
      "_MTSharpLayerOffset": 1.0,
      "_MTShininess": 4.0,
      "_MTSpecularAttenInShadow": 0.2,
      "_MTSpecularScale": 1.0,
      "_MTUseSpecularRamp": 1.0,
      "_MainTexAlphaCutoff": 0.5,
      "_MainTexAlphaUse": 0.0,
      "_MainTexColoring": 0.0,
      "_MaxOutlineZOffset": 1.0,
      "_MetalMaterial": 1.0,
      "_Metallic": 0.0,
      "_Mode": 0.0,
      "_OcclusionStrength": 1.0,
      "_OutlineMotionVectorsCull": 1.0,
      "_OutlinePolygonOffsetFactor": 0.0,
      "_OutlinePolygonOffsetUnit": 0.0,
      "_OutlineType": 2.0,
      "_OutlineWidth": 0.02,
      "_Parallax": 0.02,
      "_PolygonOffsetFactor": 0.0,
      "_PolygonOffsetUnit": 0.0,
      "_Scale": 0.01,
      "_ShadowRampWidth": 1.0,
      "_ShadowTransitionRange": 0.01,
      "_ShadowTransitionRange2": 0.01,
      "_ShadowTransitionRange3": 0.01,
      "_ShadowTransitionRange4": 0.01,
      "_ShadowTransitionRange5": 0.01,
      "_ShadowTransitionSoftness": 0.5,
      "_ShadowTransitionSoftness2": 0.5,
      "_ShadowTransitionSoftness3": 0.5,
      "_ShadowTransitionSoftness4": 0.5,
      "_ShadowTransitionSoftness5": 0.5,
      "_Shininess": 10.0,
      "_Shininess2": 10.0,
      "_Shininess3": 10.0,
      "_Shininess4": 10.0,
      "_Shininess5": 10.0,
      "_SmoothnessTextureChannel": 0.0,
      "_SpecMulti": 0.1,
      "_SpecMulti2": 0.1,
      "_SpecMulti3": 0.1,
      "_SpecMulti4": 0.1,
      "_SpecMulti5": 0.1,
      "_SpecularHighlights": 1.0,
      "_SrcBlend": 1.0,
      "_TessEdgeLength": 10.0,
      "_TessOutlineZOffset": 0.0,
      "_TessPidStart": 0.0,
      "_TessStrength": 1.0,
      "_TessType": 0.0,
      "_TessellationCheckInflectionOn": 1.0,
      "_TessellationOn": 0.0,
      "_TextureBiasWhenDithering": -1.0,
      "_TextureLineSmoothness": 0.1,
      "_TextureLineThickness": 0.6,
      "_UVSec": 0.0,
      "_UseBackFaceUV2": 1.0,
      "_UseBumpMap": 0.0,
      "_UseClipPlane": 0.0,
      "_UseClipping": 0.0,
      "_UseCoolShadowColorOrTex": 1.0,
      "_UseFaceMapNew": 0.0,
      "_UseLightMapColorAO": 1.0,
      "_UseMaterial2": 0.0,
      "_UseMaterial3": 0.0,
      "_UseMaterial4": 0.0,
      "_UseMaterial5": 0.0,
      "_UseMaterialMasksTex": 0.0,
      "_UseShadowRamp": 0.0,
      "_UseShadowTransition": 0.0,
      "_UseToonLightMap": 1.0,
      "_UseVertexColorAO": 0.0,
      "_UseVertexRampWidth": 0.0,
      "_UsingDitherAlpha": 0.0,
      "_UtilityDisplay1": 0.0,
      "_UtilityDisplay2": 0.0,
      "_ZWrite": 1.0
    },
    "m_Colors": {
      "_ClipBoxPositionOffset": {
        "r": 0.0,
        "g": 0.0,
        "b": 0.0,
        "a": 0.0
      },
      "_ClipBoxScale": {
        "r": 0.5,
        "g": 0.5,
        "b": 0.5,
        "a": 1.0
      },
      "_ClipHighLightColor": {
        "r": 1.0,
        "g": 1.0,
        "b": 1.0,
        "a": 1.0
      },
      "_ClipPlane": {
        "r": 0.0,
        "g": 0.0,
        "b": 0.0,
        "a": 0.0
      },
      "_Color": {
        "r": 1.0,
        "g": 1.0,
        "b": 1.0,
        "a": 1.0
      },
      "_Color2": {
        "r": 1.0,
        "g": 1.0,
        "b": 1.0,
        "a": 1.0
      },
      "_Color3": {
        "r": 1.0,
        "g": 1.0,
        "b": 1.0,
        "a": 1.0
      },
      "_Color4": {
        "r": 1.0,
        "g": 1.0,
        "b": 1.0,
        "a": 1.0
      },
      "_Color5": {
        "r": 1.0,
        "g": 1.0,
        "b": 1.0,
        "a": 1.0
      },
      "_CoolShadowMultColor": {
        "r": 0.875,
        "g": 0.8525482,
        "b": 0.80422795,
        "a": 1.0
      },
      "_CoolShadowMultColor2": {
        "r": 0.9,
        "g": 0.7,
        "b": 0.75,
        "a": 1.0
      },
      "_CoolShadowMultColor3": {
        "r": 0.9,
        "g": 0.7,
        "b": 0.75,
        "a": 1.0
      },
      "_CoolShadowMultColor4": {
        "r": 0.9,
        "g": 0.7,
        "b": 0.75,
        "a": 1.0
      },
      "_CoolShadowMultColor5": {
        "r": 0.9,
        "g": 0.7,
        "b": 0.75,
        "a": 1.0
      },
      "_ElementRimColor": {
        "r": 0.0,
        "g": 0.0,
        "b": 0.0,
        "a": 0.0
      },
      "_EmissionColor": {
        "r": 0.0,
        "g": 0.0,
        "b": 0.0,
        "a": 1.0
      },
      "_EmissionColor_MHY": {
        "r": 1.0,
        "g": 1.0,
        "b": 1.0,
        "a": 1.0
      },
      "_FaceBlushColor": {
        "r": 1.0,
        "g": 0.8,
        "b": 0.7,
        "a": 1.0
      },
      "_FirstShadowMultColor": {
        "r": 0.7794118,
        "g": 0.76518315,
        "b": 0.7278331,
        "a": 1.0
      },
      "_FirstShadowMultColor2": {
        "r": 0.9,
        "g": 0.7,
        "b": 0.75,
        "a": 1.0
      },
      "_FirstShadowMultColor3": {
        "r": 0.9,
        "g": 0.7,
        "b": 0.75,
        "a": 1.0
      },
      "_FirstShadowMultColor4": {
        "r": 0.9,
        "g": 0.7,
        "b": 0.75,
        "a": 1.0
      },
      "_FirstShadowMultColor5": {
        "r": 0.9,
        "g": 0.7,
        "b": 0.75,
        "a": 1.0
      },
      "_HitColor": {
        "r": 0.0,
        "g": 0.0,
        "b": 0.0,
        "a": 0.0
      },
      "_MTMapDarkColor": {
        "r": 0.7647059,
        "g": 0.6887006,
        "b": 0.6072664,
        "a": 0.0
      },
      "_MTMapLightColor": {
        "r": 1.0,
        "g": 0.97565925,
        "b": 0.9117647,
        "a": 1.0
      },
      "_MTShadowMultiColor": {
        "r": 0.8,
        "g": 0.8,
        "b": 0.8,
        "a": 0.8
      },
      "_MTSharpLayerColor": {
        "r": 1.0,
        "g": 1.0,
        "b": 1.0,
        "a": 1.0
      },
      "_MTSpecularColor": {
        "r": 0.9558824,
        "g": 0.9179767,
        "b": 0.7942258,
        "a": 1.0
      },
      "_MainTexTintColor": {
        "r": 1.0,
        "g": 1.0,
        "b": 1.0,
        "a": 1.0
      },
      "_OutlineColor": {
        "r": 0.20588237,
        "g": 0.0,
        "b": 0.0,
        "a": 1.0
      },
      "_OutlineColor2": {
        "r": 0.0,
        "g": 0.0,
        "b": 0.0,
        "a": 1.0
      },
      "_OutlineColor3": {
        "r": 0.0,
        "g": 0.0,
        "b": 0.0,
        "a": 1.0
      },
      "_OutlineColor4": {
        "r": 0.0,
        "g": 0.0,
        "b": 0.0,
        "a": 1.0
      },
      "_OutlineColor5": {
        "r": 0.0,
        "g": 0.0,
        "b": 0.0,
        "a": 1.0
      },
      "_OutlineWidthAdjustScales": {
        "r": 0.105,
        "g": 0.245,
        "b": 0.6,
        "a": 0.0
      },
      "_OutlineWidthAdjustZs": {
        "r": 0.01,
        "g": 2.0,
        "b": 6.0,
        "a": 0.0
      },
      "_SingleColorOutputColor": {
        "r": 1.0,
        "g": 1.0,
        "b": 1.0,
        "a": 1.0
      },
      "_SpecularColor": {
        "r": 1.0,
        "g": 1.0,
        "b": 1.0,
        "a": 1.0
      },
      "_TextureLineDistanceControl": {
        "r": 0.1,
        "g": 0.6,
        "b": 1.0,
        "a": 1.0
      },
      "_TextureLineMultiplier": {
        "r": 0.0,
        "g": 0.0,
        "b": 0.0,
        "a": 1.0
      }
    }
  },
  "m_Name": "SkillObj_Mavuika_Glass_Mat",
  "Name": "SkillObj_Mavuika_Glass_Mat"
}