{
  "m_Shader": {
    "m_FileID": 4,
    "m_PathID": -5339361248155002594,
    "Name": "miHoYo/Effects/Weapon_Transparent",
    "IsNull": false
  },
  "m_SavedProperties": {
    "m_TexEnvs": {
      "_EmissionADDMaskR": {
        "m_Texture": {
          "m_FileID": 0,
          "m_PathID": 0,
          "Name": "",
          "IsNull": true
        },
        "m_Scale": {
          "X": 1.0,
          "Y": 1.0
        },
        "m_Offset": {
          "X": 0.0,
          "Y": 0.0
        }
      },
      "_EmissionADDWarpR": {
        "m_Texture": {
          "m_FileID": 5,
          "m_PathID": -4676269196903284859,
          "Name": "Eff_Universe_05",
          "IsNull": false
        },
        "m_Scale": {
          "X": 1.5,
          "Y": 1.0
        },
        "m_Offset": {
          "X": 0.0,
          "Y": 0.0
        }
      },
      "_Emission_ADD_Noise": {
        "m_Texture": {
          "m_FileID": 0,
          "m_PathID": 0,
          "Name": "",
          "IsNull": true
        },
        "m_Scale": {
          "X": 1.0,
          "Y": 1.0
        },
        "m_Offset": {
          "X": 0.0,
          "Y": 0.0
        }
      },
      "_MainTex": {
        "m_Texture": {
          "m_FileID": 6,
          "m_PathID": 2203699630498046210,
          "Name": "Equip_Catalyst_MechaPufferfish_01_Tex_Diffuse",
          "IsNull": false
        },
        "m_Scale": {
          "X": 1.0,
          "Y": 1.0
        },
        "m_Offset": {
          "X": 0.0,
          "Y": 0.0
        }
      },
      "_ScanPatternTex": {
        "m_Texture": {
          "m_FileID": 1,
          "m_PathID": -5022622030505426981,
          "Name": "Eff_Gradient_Repeat_01",
          "IsNull": false
        },
        "m_Scale": {
          "X": 1.0,
          "Y": 1.0
        },
        "m_Offset": {
          "X": 0.0,
          "Y": 0.0
        }
      },
      "_WeaponDissolveTex": {
        "m_Texture": {
          "m_FileID": 2,
          "m_PathID": -2561090770359156793,
          "Name": "Eff_WeaponsTotem_Dissolve_00",
          "IsNull": false
        },
        "m_Scale": {
          "X": 1.0,
          "Y": 1.0
        },
        "m_Offset": {
          "X": 0.0,
          "Y": 0.0
        }
      },
      "_WeaponPatternTex": {
        "m_Texture": {
          "m_FileID": 3,
          "m_PathID": 4656795341120296477,
          "Name": "Eff_WeaponsTotem_Grain_00",
          "IsNull": false
        },
        "m_Scale": {
          "X": 2.0,
          "Y": 2.0
        },
        "m_Offset": {
          "X": 0.0,
          "Y": 0.0
        }
      }
    },
    "m_Ints": null,
    "m_Floats": {
      "UseScanEmissionAddToggle": 1.0,
      "_Alpha": 1.0,
      "_BlendOP": 0.0,
      "_BumpScale": 1.0,
      "_CausticChromaticAberration": 0.015,
      "_CausticDepth": 0.0719,
      "_CausticDistance": 0.02,
      "_CausticDistortionValue": 0.055,
      "_CausticFade": 0.174,
      "_CausticFadeExponent": 0.68,
      "_CausticShadowEnable": 1.0,
      "_CausticSpeed": 0.131,
      "_CausticUVScale": 0.343,
      "_ConversionStateChange": 0.0,
      "_Cull": 2.0,
      "_CullMode": 2.0,
      "_CustomColorGradingAlpha": 1.0,
      "_Cutoff": 0.5,
      "_DIsableSpecialElementView": 0.0,
      "_DeepColorDepth": 2.5,
      "_DeepColorFade": 1.0,
      "_DepthFoamCloseFadeDistance": 17.0,
      "_DepthFoamCloseFadeOffset": 10.0,
      "_DepthFoamDistance": 200.0,
      "_DepthFoamExtent": 0.1,
      "_DepthFoamPhaseScale": 1.0,
      "_DepthFoamSpeed": -1.5,
      "_DepthFoamSubdivision": 17.0,
      "_DepthFoamWidth": 1.0,
      "_DetailNormalMapScale": 1.0,
      "_DisableCubeMap": 0.0,
      "_DisableFoam": 0.0,
      "_DisableRemoveRefractFogInMobile": 0.0,
      "_DissolveDirection_Toggle": 0.0,
      "_DistanceLength": 1.0,
      "_DistanceOffset": 0.0,
      "_DistantDense": 0.15,
      "_DstBlend": 0.0,
      "_DstBlendMode": 10.0,
      "_EmissionADDWarpSoft": 1.0,
      "_EmissionNoiseScale": 0.0,
      "_EmissionScale": 0.1,
      "_EmissionScaler": 4.0,
      "_Emission_ADD_Scale": 100.0,
      "_Emission_ADD_USpeed": 0.01,
      "_Emission_ADD_VSpeed": 0.03,
      "_Emission_Noise_Uspeed": 0.0,
      "_Emission_Noise_Vspeed": 0.0,
      "_EnableLocalLight": 0.0,
      "_EnableRayProjection": 0.0,
      "_EnableReflectionProbe": 0.0,
      "_FresnelPower": 5.0,
      "_FresnelRange": 0.1,
      "_FresnelRangeMax": 0.1,
      "_FresnelScale": 0.1,
      "_FresnelScaleMax": 0.1,
      "_Gloss": 128.0,
      "_GlossMapScale": 1.0,
      "_Glossiness": 0.5,
      "_GlossyReflections": 1.0,
      "_HighLight": 0.1,
      "_HighPow": 0.1,
      "_InvSoftDistance": 1.0,
      "_MHYZBias": 0.0,
      "_Metallic": 0.0,
      "_Mode": 0.0,
      "_NdotLRangeMax": 0.25,
      "_NdotLRangeMin": -0.25,
      "_NoiseBrightness": 0.0,
      "_Normal01_U_Speed": 0.0,
      "_Normal01_VSpeed": 0.0,
      "_Normal02_U_Speed": 0.0,
      "_Normal02_V_Speed": 0.0,
      "_NormalBrightness": 0.2,
      "_NormalMapScale": 1.0,
      "_NormalScale": 0.1,
      "_OcclusionStrength": 1.0,
      "_OpacityByDepth": 2.5,
      "_Parallax": 0.02,
      "_Pattern_Speed": -0.033,
      "_PointBrightness": 0.0,
      "_PolygonOffsetFactor": 0.0,
      "_PolygonOffsetUnit": 0.0,
      "_ProjectUVScale": 0.05,
      "_ReflectionIntensity": 0.6,
      "_RefractionCharacterOffset": 0.0,
      "_RefractionIntensity": 0.0,
      "_Ripple02Rotate": 0.69,
      "_RippleTillingScale": 0.3,
      "_SSRDistortion": 2.0,
      "_SSRDistortion_Shore": 100.0,
      "_SSRIntensity": 1.0,
      "_SSRIntensityMobile": 1.0,
      "_ScanColorScaler": 0.0,
      "_ScanDirection_Switch": 1.0,
      "_ScanSpeed": 0.5,
      "_ShoreDense": 0.35,
      "_ShoreFade": 5.0,
      "_ShoreReflectionFade": 0.385,
      "_ShoreTransparency": 25.0,
      "_SmoothnessTextureChannel": 0.0,
      "_SpecularHighlights": 1.0,
      "_SpecularIntensity": 1.0,
      "_SpecularPower": 1.0,
      "_SrcBlend": 1.0,
      "_SrcBlendMode": 5.0,
      "_TessellationDistance": 100.0,
      "_TessellationFactorMax": 1.0,
      "_TessellationOn": 0.0,
      "_UVSec": 0.0,
      "_UseCustomColorGrading": 0.0,
      "_VertexRange": 1.0,
      "_VertexRangeSmooth": 1.0,
      "_VertexScale": 0.1,
      "_WaterDepthCorrectOn": 0.0,
      "_WaterUberTrans": 0.0,
      "_WeaponDissolveValue": 1.0,
      "_WhirlMax": 0.0,
      "_WhirlScale": 1.0,
      "_WinkOffset": 0.0,
      "_WinkPower": 32.0,
      "_WinkSpeed": 0.25,
      "_ZWrite": 1.0,
      "_Ztest": 4.0,
      "_Zwrite": 1.0
    },
    "m_Colors": {
      "_CausticColor": {
        "r": 1.0,
        "g": 1.0,
        "b": 1.0,
        "a": 1.0
      },
      "_Color": {
        "r": 1.0,
        "g": 1.0,
        "b": 1.0,
        "a": 1.0
      },
      "_CustomColorGradingColor": {
        "r": 1.0,
        "g": 1.0,
        "b": 1.0,
        "a": 1.0
      },
      "_DeepColor": {
        "r": 0.0,
        "g": 0.0,
        "b": 0.0,
        "a": 0.0
      },
      "_DepthFoamColor": {
        "r": 1.0,
        "g": 1.0,
        "b": 1.0,
        "a": 1.0
      },
      "_DistortionIntensity": {
        "r": 1.0,
        "g": 1.0,
        "b": 1.0,
        "a": 0.0
      },
      "_EmissionColor": {
        "r": 0.0,
        "g": 0.0,
        "b": 0.0,
        "a": 1.0
      },
      "_Emission_ADD_Color": {
        "r": 0.44117647,
        "g": 0.7225153,
        "b": 1.0,
        "a": 0.0
      },
      "_FresnelColor": {
        "r": 1.0,
        "g": 1.0,
        "b": 1.0,
        "a": 1.0
      },
      "_FresnelSpeed": {
        "r": 0.0,
        "g": 0.0,
        "b": 0.0,
        "a": 0.0
      },
      "_LightPos": {
        "r": 0.0,
        "g": 0.0,
        "b": 0.0,
        "a": 0.0
      },
      "_LightPos1": {
        "r": 0.0,
        "g": 0.0,
        "b": 0.0,
        "a": 0.0
      },
      "_MainColor": {
        "r": 0.78676474,
        "g": 0.8764706,
        "b": 1.0,
        "a": 1.0
      },
      "_NoiseSpeed": {
        "r": 0.0,
        "g": 0.0,
        "b": 0.0,
        "a": 0.0
      },
      "_NormalSpeed": {
        "r": 0.0,
        "g": 0.0,
        "b": 0.0,
        "a": 0.0
      },
      "_PointSpeed": {
        "r": 0.0,
        "g": 0.0,
        "b": 0.0,
        "a": 0.0
      },
      "_RippleColor": {
        "r": 1.0,
        "g": 1.0,
        "b": 1.0,
        "a": 1.0
      },
      "_ScanColor": {
        "r": 0.8980392,
        "g": 0.8980392,
        "b": 0.8980392,
        "a": 1.0
      },
      "_ShallowColor": {
        "r": 0.0,
        "g": 1.0,
        "b": 0.58620685,
        "a": 0.0
      },
      "_TessellationCulling": {
        "r": 0.5,
        "g": 0.5,
        "b": 0.5,
        "a": 0.5
      },
      "_WaterMeshScale": {
        "r": 1.0,
        "g": 1.0,
        "b": 1.0,
        "a": 0.0
      },
      "_WeaponPatternColor": {
        "r": 1.682,
        "g": 1.568729,
        "b": 0.6554853,
        "a": 0.0
      }
    }
  },
  "m_Name": "Equip_Catalyst_MechaPufferfish_Eff_Mat",
  "Name": "Equip_Catalyst_MechaPufferfish_Eff_Mat"
}